国家,2000,2001,2002,2003,2004,2005,2006,2007,2008,2009,2010,2011,2012,2013,2014,2015,2016,2017
Afghanistan,98.8900142,99.85833009,99.52352389,98.89703585,98.59319436,97.95235322,97.4590408,96.85883089,96.30485658,95.40743945,94.13609613,93.17068363,92.08056421,91.15066841,90.50915341,90.34641685,90.02284863,89.89175884
Albania,109.9945086,108.1874394,109.1663678,110.2754315,110.1766441,107.7483159,104.8222831,100.0480367,99.59947369,97.81900598,97.13219231,97.78721015,97.83619228,98.32202791,99.41271543,99.14279272,98.70791538,98.2361137
Algeria,87.53323473,85.50740081,83.46667374,82.05917639,79.9343572,77.87710995,75.80497737,73.83492377,71.90176316,70.25728773,68.59329563,67.221579,65.83581696,64.52648566,63.33811414,62.3320148,61.25376765,60.41187263
American Samoa,84.33534392,82.85151398,81.69993383,81.10010789,80.45313377,79.46445552,78.50414923,77.92986357,77.19035781,77.32884781,76.75604566,76.04872708,75.46765134,75.03767136,74.32497147,74.53815528,74.01358537,73.53796691
Andean Latin America,44.58854689,42.58054141,42.40038442,42.28737407,41.79060859,41.18150224,39.90972051,39.08277407,38.76927121,38.95158341,38.55073285,37.42036032,35.96815622,34.21592724,32.5544353,31.30414226,30.48764413,29.6958716
Andorra,71.24006146,69.72029407,68.2916788,67.83496664,67.58131853,66.75127438,65.5563254,64.77291696,64.1310285,63.5804896,62.82235703,61.58804966,60.755154,60.16758241,59.46582294,58.55136046,58.1832621,57.76983271
Angola,137.9989128,134.1807014,129.045464,126.7164446,126.4150825,121.5929694,119.4846396,115.6046327,112.2246458,109.8234621,106.7483062,104.3261712,102.3855932,99.33720693,94.6862868,92.1954101,89.70029793,87.57827391
Antigua and Barbuda,54.89394435,53.4474628,51.91043032,50.59265254,49.13362182,47.99272599,46.91239547,45.45175543,44.2581049,43.18916741,42.55579219,41.87018843,41.10550239,40.26856936,40.11292407,39.39842841,38.86431214,38.4235104
Argentina,129.5307471,129.2516907,131.0189408,131.4512441,126.4755203,123.531255,121.8897047,123.7655565,118.100102,116.3195793,113.6223972,111.9601362,109.7519883,107.1229869,102.7688943,100.6424224,99.12043706,96.50562687
Armenia,132.2286522,130.9868565,132.5602445,132.8377193,131.357614,131.3820099,131.1391907,129.2989771,129.182197,128.6181596,127.3368038,124.3901496,120.3658556,116.9777237,116.7619262,117.0510803,116.4439516,116.9049207
Australasia,85.28027175,81.61868661,79.27274912,75.86888563,72.52089658,68.95030022,66.07105204,64.90908965,62.70205383,59.94338087,57.53196714,55.92053286,53.52802546,52.04603865,51.86162116,51.33454654,50.78622205,51.28124277
Australia,83.70087649,79.91834182,77.55771033,74.10785329,70.88728907,67.47115739,64.54921113,63.41741805,61.20898846,58.45280304,56.1327621,54.51876428,52.05068005,50.74737004,50.75025088,50.48642929,50.05987286,50.82643754
Austria,92.3247705,87.87595428,85.23626307,82.23281027,78.32981482,75.82206966,72.3757906,71.46456794,69.52603998,70.82936025,69.62122741,68.47368265,67.49784033,66.76377892,65.75998902,65.37106833,63.99789782,63.64742712
Azerbaijan,140.2118624,136.8095967,138.6199186,140.9717987,140.7100467,142.0469015,142.1487558,138.5889686,138.0724761,136.9681106,137.9708569,138.4304505,138.1612805,139.1564597,139.0787904,138.3235503,139.8381076,142.203312
Bahamas,51.64957459,51.4518711,49.30452817,47.62851817,47.38686607,46.0917267,46.99897101,45.61971261,45.65108541,45.8235054,45.35087873,44.93285551,44.14334557,43.41389083,43.47229069,43.5580841,43.27001899,42.93432045
Bahrain,99.62182874,92.82065927,89.41521845,90.40700282,87.88882283,81.31720757,73.40732865,69.19363154,63.83531306,58.35649064,55.00547794,52.5260394,50.31743727,48.22130547,46.781452,46.49618811,46.12379636,45.8463997
Bangladesh,119.6376526,115.5349234,111.7145734,109.034426,106.2119599,105.2750875,105.2017921,105.323062,102.4681517,99.16542939,97.44634108,91.12055089,85.25216023,82.77226892,83.13566318,80.89705905,79.50978,80.06533729
Barbados,46.31319846,44.19425317,44.20460934,43.69463486,43.59372108,43.49139518,41.93273008,40.24491179,39.1791099,37.06746815,36.35485224,35.73841728,34.89989947,34.64041061,34.61795905,34.58870048,34.36665675,34.30293608
Belarus,188.9299629,196.9995397,204.1251405,195.6915664,190.1741913,193.5508908,184.9603846,174.0471446,174.9278757,174.7565364,177.009909,177.2803306,154.8992768,149.6153237,144.8353163,138.1674999,134.8915064,134.8274856
Belgium,136.4462603,132.4964318,130.7822432,127.0802495,121.4537589,118.8713299,113.0466659,111.9437062,111.2322472,108.2959022,104.7329329,102.5627913,100.9295638,97.40333669,92.04122775,90.35753659,86.36486491,84.0637359
Belize,81.50747816,74.62265052,73.39854663,72.32724221,69.14195371,66.3442204,64.04945661,60.49607665,57.13847716,55.77720177,54.45129092,52.77476929,51.53143887,51.40107125,51.65872765,52.24202322,51.99716486,51.52107824
Benin,66.03297531,64.82532423,63.47540014,61.91416706,60.23041784,58.39083116,57.02045698,55.78946825,54.63610836,53.85508635,52.94936637,52.24388243,51.50711677,50.43349377,49.19084382,47.82585928,46.50963225,45.24862603
Bermuda,64.59265429,61.688864,60.4720524,59.5414347,57.93641394,56.21090436,55.64198151,54.204437,53.23526788,52.25964928,51.21376773,50.42608068,50.59008425,50.21132616,49.76215693,49.19218606,48.98389235,48.71336609
Bhutan,79.65537639,77.48192297,75.32418882,73.80790048,71.89175393,70.34889673,68.55901046,67.05457814,65.5568892,64.57240809,63.17967405,61.7904213,60.42235122,59.16845259,57.88942842,56.63262857,55.37035226,54.18762201
Bolivia,73.55465472,70.7339241,68.74502206,66.71423702,64.74110861,63.2218863,61.5334852,60.27462245,59.0380712,57.83487458,56.7154771,55.64634486,54.58127831,53.53703088,52.52620726,51.56416818,50.64534148,49.83994108
Bosnia and Herzegovina,140.8850304,139.9043937,137.8208902,132.1526304,129.1534957,134.3681029,132.8810171,137.7235347,133.0028967,133.8606511,132.9068154,133.1632038,132.1554856,134.5416639,136.1697468,139.548221,140.6103731,141.7362511
Botswana,99.81470967,100.5092772,101.8418307,102.6890007,102.290483,100.4592912,98.17318432,92.93148932,92.98264298,92.02185534,89.86341363,87.59915039,84.46504152,82.28254839,80.38174391,78.77620084,76.19431824,74.19458052
Brazil,134.857769,129.9846322,125.3492012,121.7670941,117.2621873,110.4815754,106.1262458,102.1759137,98.47441582,95.31215661,92.6307127,89.85006329,86.09738875,82.95316878,79.53809523,77.28136508,76.12573367,74.85027719
Brunei,144.9740331,139.9774753,135.6793247,131.8035576,127.8335147,124.1472061,120.9413071,118.4379265,115.9439063,114.1342198,112.6954159,113.2514609,112.578506,111.0832947,109.3737135,108.3551872,106.5717989,104.5636837
Bulgaria,176.5371322,172.4397539,169.4230138,166.9542338,166.0671058,168.0700354,167.8995729,163.0816745,159.1461601,156.6464607,154.190979,151.8040888,146.5166163,143.2467361,147.1166697,143.0793468,142.1546711,141.2078719
Burkina Faso,43.519532,42.83258184,42.3078736,41.67519842,41.22124864,40.77165114,40.74265741,40.69211768,40.55476284,40.5806634,40.48333917,40.05687995,39.94690838,39.4862742,38.8875823,38.15516576,37.29892858,36.26698362
Burundi,103.6561331,99.0654236,95.49978368,92.20531054,89.62319643,87.36710932,84.35854879,81.6185436,79.07520582,76.58675991,75.16395497,74.26729073,73.15850002,71.87085099,70.63124547,69.54939115,68.30705374,67.48647767
Cambodia,180.4945331,176.56803,172.7119477,169.0035827,165.6174563,162.0488437,158.5651914,155.8147954,152.7696138,150.0036297,147.3487128,144.63301,141.7297241,138.825555,136.2165183,133.7531738,131.3211083,128.8397073
Cameroon,67.96157058,67.1264522,66.06438733,65.20163026,64.45706812,63.90623088,63.11199987,62.13218937,60.93327172,59.65821876,58.27481401,56.57247256,54.8809716,53.04542754,51.1823713,49.45524732,47.71278908,45.91375531
Canada,116.0517864,111.6292484,108.1869026,105.1291852,101.1127814,98.30576546,93.89329951,91.74870806,88.99355683,85.221418,81.19443455,77.79666088,76.78080611,74.06086563,74.20201801,73.62295846,71.56901931,70.30139157
Cape Verde,39.85955724,39.35308471,38.83232052,38.19354954,37.50841972,36.82879733,36.11030117,34.69027599,33.84091251,33.1382243,32.49567518,31.98520428,31.35892606,30.69669229,30.08061869,29.56638706,29.69028458,29.29560126
Caribbean,91.57766868,90.08822574,85.89759127,85.4543646,85.22091852,84.93344121,81.87516324,81.18308115,80.90199023,80.45283017,79.29156575,75.99537071,76.33545724,76.816187,77.0263816,77.57172158,77.03176909,75.48223452
Central African Republic,153.681469,152.626045,151.9663298,150.6450892,148.8883872,147.1746652,145.2287297,141.9939835,138.7269636,136.0527637,133.8361995,130.840341,126.8551995,125.1843799,122.5893722,119.7618139,116.2701551,112.5704388
Central Asia,126.1309368,125.4182892,127.2224424,129.4124824,129.4850525,129.7617198,128.1159552,125.6908013,122.241626,118.5511039,117.9053599,116.9190757,115.3051184,113.2714229,111.722092,110.8886503,110.7404973,110.4369165
Central Europe,160.8901859,157.3679911,155.308758,153.6419475,149.9761561,148.4756435,144.9367707,142.1640553,139.1972967,136.3623976,132.1519086,128.0747977,126.0243694,122.2787469,119.8682169,120.0635664,116.6125626,114.4845918
"Central Europe, Eastern Europe, and Central Asia",173.0083973,171.9281192,173.2012494,172.4938274,169.0316099,170.6852137,159.9929778,154.8472271,153.3461913,146.0385683,144.0103899,136.9766305,133.2984983,129.887508,128.2641612,130.7210128,127.3408986,124.7398527
Central Latin America,72.7337112,69.97202242,69.40694849,67.2423958,64.26989222,62.55783512,60.38019926,57.84196897,57.47153671,56.65629853,54.67068909,52.33994325,50.88367599,49.70784309,48.77334635,47.56292253,46.50282044,45.35886123
Central Sub-Saharan Africa,89.9348639,87.55845011,84.14707726,82.75512609,80.46999093,77.53026638,75.8961787,74.00907238,72.65473006,71.35295536,69.91021226,68.75842704,67.60794855,65.9147741,63.99866033,62.58065611,61.15462511,59.92487801
Chad,34.92933915,35.20760843,35.36361524,35.60630635,35.3521459,34.73187078,34.37704901,34.3896682,34.3369273,34.35493846,34.36283355,34.19316827,33.87292337,33.29497552,32.87127457,32.4308784,32.05828932,31.58328252
Chile,62.10966652,63.14715147,60.97420682,61.24426853,60.34190212,58.25779602,56.58255098,55.49497947,52.9882765,53.79716621,53.05123908,50.91395082,49.55994685,48.81167196,46.88877932,45.87301836,45.00137422,44.70387644
China,163.2636226,161.2047812,160.1870906,160.15625,156.3878778,148.7906307,139.8844052,134.8120392,132.4463752,131.5391008,130.9731728,128.8584055,126.0404787,121.5058005,121.504124,122.9450014,122.5086991,120.2175572
Colombia,69.57873471,66.70622788,69.42080434,62.33547486,59.60351711,56.06929772,55.23978479,51.94670886,50.19250021,49.13831923,46.59743847,43.15035235,41.38404213,39.67939613,38.02122065,37.34484566,36.67369858,35.97617594
Comoros,64.17164268,61.30650141,59.24682183,56.535607,54.73783938,53.00178517,51.77439683,50.50574973,49.32191141,48.3878282,46.84328287,46.35748367,45.41711141,44.64321553,43.81860609,43.01084853,42.16197898,41.30663157
Congo,109.9163994,102.4973325,97.0439711,94.17246599,91.07522675,88.13412947,84.18738258,82.10930156,80.00392326,78.1938752,76.33320091,73.66491278,72.71314797,71.28381865,70.52245491,69.72704341,68.10927085,67.39426961
Costa Rica,64.63689738,62.65403091,59.54808127,58.4053122,56.94857455,52.05345384,52.00562102,46.18686061,45.96827487,44.95619904,48.08364496,46.06404626,44.91224744,43.72876901,43.14662051,43.88334965,45.56606141,45.06319657
Cote d'Ivoire,82.8847727,81.50178984,79.8512062,78.6030877,77.76895065,76.43079888,75.38524097,73.69053196,71.65394097,69.76390733,68.41370174,67.25667971,66.40640649,65.42859884,64.411661,63.06106485,61.45120657,59.95804263
Croatia,164.9348585,159.9364328,158.8394287,158.627108,149.5385641,148.3851665,142.7263992,141.7383679,140.1144802,131.3380005,126.4249229,122.8458854,119.7725733,112.3649951,113.0183014,115.15209,107.7427276,105.0277661
Cuba,122.4507257,120.6507178,113.160501,112.9735437,113.0324856,113.7361057,107.8486825,106.8291753,106.6966866,106.0486535,105.214432,98.32186319,99.64608199,99.39445235,99.28696273,101.0515399,99.82482118,97.76632196
Cyprus,117.3036968,116.7115938,116.4980899,115.9127981,115.0634245,111.3292951,106.9402077,103.5732249,98.22691488,94.90259423,90.95361974,87.03647263,84.20292745,82.69441726,81.155305,79.66976599,78.14048644,77.61202628
Czech Republic,149.6551809,144.5625973,141.5932232,142.5378841,136.1468483,132.3537476,125.6616827,122.5868085,120.3759652,117.1947168,114.7107836,112.4158309,109.5580277,106.6988247,102.0308945,101.18467,98.92795347,97.95603547
Democratic Republic of Congo,73.29534581,71.50229827,68.41509644,67.28129584,64.37912351,61.63318802,60.17530031,58.78780347,58.01885046,56.99980401,55.8626789,55.16389976,54.27062623,52.81587709,51.51993055,50.26951513,49.18586056,48.23186082
Denmark,166.6965093,164.6329263,164.3832287,160.0028836,154.3110375,147.3711468,146.9373097,144.4161621,137.2899111,134.1309763,129.9406512,122.144004,116.8604393,112.1437071,106.2040158,101.9621119,99.60841575,97.11957723
Djibouti,95.38486059,94.32953761,93.29286948,91.82088325,90.4786984,88.33314286,86.88630021,84.73234496,82.60079501,80.9200199,78.90611572,77.19445307,75.56132624,73.96892583,72.72549009,71.05826348,69.71720198,68.21835964
Dominica,46.197751,45.35426488,44.7968272,44.54663445,43.94836953,43.23205492,43.01458266,42.16928593,41.0177432,40.7478203,40.91263245,41.21095626,41.1297621,41.07264025,41.51733109,41.52684126,40.98919043,40.56674657
Dominican Republic,77.76860658,76.92795077,77.03663627,78.77536029,80.82764253,81.93837291,82.64362311,81.75427194,81.06680267,80.78068563,80.79909635,79.6835152,81.41854596,84.37366484,87.0375718,88.57101756,88.42312333,85.93314443
East Asia,161.1400916,159.1439239,158.1206436,158.0697882,154.4286509,147.1037051,138.4631015,133.5438188,131.2479165,130.2907002,129.7043485,127.7034142,124.9360403,120.5259325,120.5225914,121.8680236,121.4382738,119.1648779
Eastern Europe,187.4483802,187.7996668,190.9952464,190.5219474,186.8588158,190.8660274,174.5508315,167.6753425,167.6154022,157.0554436,156.1315291,146.1969488,141.1740245,137.7482467,136.7534705,141.4307227,137.5750608,134.3019496
Eastern Sub-Saharan Africa,80.8384614,78.77792473,77.32140699,75.73948647,74.06549023,72.21470273,70.65470223,69.01085866,67.38395938,65.74689782,64.27751058,62.70880542,61.30160337,59.86184091,58.4484286,57.10417635,55.78713131,54.49073442
Ecuador,48.14359965,46.30518569,47.53333626,47.27705913,47.24781847,47.76326473,47.07651919,46.29940322,45.34000817,43.79752534,43.15051492,42.17309372,40.45436322,37.92313068,36.33930855,34.93121267,34.17884436,33.13788959
Egypt,130.3769857,134.9646717,136.9603616,137.4846125,135.2069976,133.0525228,133.6826853,130.2046597,130.3372317,132.4021385,131.8094403,131.7923659,130.1550351,126.4650875,123.7580135,124.3803192,123.4808944,122.6921234
El Salvador,43.3913884,42.05982265,41.11020955,41.81624116,43.3543825,43.88511455,42.43462757,44.01004654,42.12975908,42.65825064,40.92491251,40.54803615,38.5035256,38.63662721,40.28887564,40.01879089,39.53379005,38.82060686
England,115.9995568,110.4432793,107.1783481,103.4972606,96.38210222,91.8407396,88.70740043,84.23832573,81.64151181,77.40103865,74.51372145,71.40513455,69.35390681,68.89272066,67.06074395,66.87617453,66.30087255,65.32346613
Equatorial Guinea,77.84283714,70.31554346,63.32091072,59.71969519,55.55093163,52.6491733,51.60809062,49.75473408,48.08882124,46.96977276,45.42067669,43.92053302,43.00606646,42.07644467,41.54689416,40.87022246,40.28839452,39.50671447
Eritrea,83.912987,84.4122506,81.65867917,79.47351025,77.03148536,73.89118536,72.24119373,69.81401252,67.66813015,65.56007,63.67046032,61.41496503,59.0724852,56.87862622,54.78137624,53.03560836,50.93348363,48.88004036
Estonia,147.6111983,145.7740819,139.8366243,132.2115118,126.7157134,120.9254007,119.3285218,118.2786817,108.5744617,103.2813662,94.94198868,92.49418785,91.40317712,87.16809975,87.51666994,82.84878003,81.83269495,81.79090725
Ethiopia,55.5456751,52.4844155,49.54357678,47.13990533,44.90348566,42.51296465,40.58318797,38.41387299,36.44724377,34.60871243,32.86791748,31.23223704,29.778974,28.46887899,27.47599624,26.62294245,25.91576798,25.32089741
Fiji,161.9007667,156.3560632,152.2096795,149.4312811,144.1023365,143.4074484,142.815933,141.4028204,139.2779046,134.0656549,133.211931,131.8490925,130.8563398,129.5483964,127.724502,125.7738971,123.7609038,121.5020213
Finland,75.23701881,70.40196139,66.66328854,63.56983936,61.16597874,58.48055757,55.58358516,54.50010883,52.79613391,51.45137621,50.39706961,48.6807349,47.43260329,46.70794953,45.21678105,44.00226678,44.54078137,45.18420836
France,89.12715477,87.74443645,86.10913021,84.16790796,78.7880391,78.10044957,75.84967566,73.82389152,72.47708574,71.79059921,69.96781256,68.51153793,66.75675754,64.67334954,61.98408043,60.75408527,58.60083886,57.40011156
Gabon,78.74389954,78.56815127,77.11041772,77.22047417,76.73498687,75.87875029,75.7764748,75.28496113,75.15886005,74.28023193,72.22821384,71.12463295,69.6661161,67.89371746,66.44346975,65.05483929,63.63418497,62.18501318
Gambia,92.25650483,92.01613709,91.76768177,91.07288899,90.61766818,89.98506337,89.1846585,88.21229504,86.89906642,85.67148435,84.32842277,83.18029762,81.90880876,80.44998634,78.77630352,76.95762618,74.78010677,72.57536087
Georgia,96.67961728,97.61151962,102.9211925,104.2703406,103.4764342,100.5971282,102.4955621,104.4137582,109.9741943,114.6782339,116.4764357,116.0352234,113.5084957,111.795234,109.3249282,110.8604643,115.1234578,116.2025421
Germany,102.6675972,97.41095636,94.35137771,91.35963065,85.11958156,82.01795839,79.42036788,77.84905805,77.02349361,76.59816387,75.52299251,74.35135965,73.28608843,74.02589842,71.88864985,73.68414375,74.88239531,73.9993414
Ghana,55.31071585,54.90420287,54.40992647,53.84980895,53.25862114,52.9801829,52.71162806,51.9877905,50.62918026,49.72876837,48.80056215,47.85610433,46.62401565,45.40626107,44.21523627,43.22732409,42.20223377,40.92843416
Greece,127.6765585,125.0374027,121.5971545,121.5392405,120.2513213,116.8846837,113.0667,115.6161283,111.9079611,109.7592383,106.1835576,107.1162691,107.4158232,102.6765985,100.7159242,101.6366324,100.6670634,100.0396022
Greenland,275.0607097,268.2584134,262.3579602,256.1928019,249.7445603,242.9180212,235.1594334,228.5904137,222.3376921,216.7946021,211.0678234,204.6206866,199.0301025,194.7207746,190.1985712,192.3563153,188.2579271,185.65073
Grenada,59.99092824,58.86708448,58.09744954,57.59911504,57.32533988,56.78595341,56.51072942,56.3696374,56.5212993,56.81622779,57.24105663,57.55369779,56.1596418,56.15053839,56.70613814,56.84466499,57.3389926,56.43999484
Guam,62.14165019,61.85963921,61.7095969,61.51532719,61.58926418,61.28140616,61.48546839,62.12767223,62.48231834,62.90633211,61.6464028,61.87046614,62.38112985,62.32785686,62.82116159,63.67566946,63.90225923,63.8437173
Guatemala,65.7113046,63.60976806,59.22581752,59.08873356,57.53796777,56.65032839,54.89359051,49.48405124,46.48240264,46.05665207,43.72055665,41.88381693,40.02970776,38.64261961,38.06732606,37.15939786,37.55721742,36.91625368
Guinea,42.34080066,42.48430322,42.75885706,42.73969389,42.84676165,42.91192436,43.48303218,43.93188531,44.16159668,44.60234316,44.99461305,45.01190186,45.01309314,44.87628316,44.8722384,44.19483076,43.3344985,42.39267416
Guinea-Bissau,68.49530423,66.38735536,64.48942373,62.74319805,61.92860486,60.13660756,58.419216,56.70209428,54.86159417,53.45323456,52.06594804,50.79082974,49.61710478,48.51168473,47.44999341,46.42875885,45.34661036,44.26223792
Guyana,89.31989871,88.97704558,88.99227427,86.92110326,84.94545094,84.1149417,80.693713,77.55325487,74.42479506,72.28402345,75.87101747,79.04288396,79.59758318,76.08977549,73.64017477,71.25288393,69.08785585,67.23038257
Haiti,85.81932321,83.39909096,80.8568305,78.92107288,76.94254836,75.45161144,74.04002021,72.63627064,71.34465707,70.08033886,69.20316597,68.28791628,67.17700499,66.05719953,64.99618824,64.04723913,63.17222285,62.34454384
High SDI,107.9963394,104.5190841,101.5977188,99.10195334,94.60867719,92.29267839,89.02656029,86.33559395,83.88400816,81.24942058,78.52204298,76.88550351,74.89258735,72.97070207,70.87000937,69.98463239,68.86908428,67.8086663
High-income,105.3520043,102.0312475,99.35111375,96.92854429,92.28249554,89.97567464,86.8057727,84.27832892,81.87610044,79.49778279,76.90981931,75.32432316,73.36285753,71.53834114,69.42183544,68.43668462,67.3886585,66.34426309
High-income Asia Pacific,82.04185931,79.11176307,76.35106597,75.25641923,73.06445106,72.27412671,69.47425939,67.60868322,65.67906788,63.93030001,62.87194147,61.92865079,59.90776797,58.03953419,56.01754374,54.09884595,53.17448872,52.53028143
High-middle SDI,155.3997289,153.0617108,152.3037999,150.9201786,146.5803642,142.4348248,133.4509079,128.4763136,125.9108467,122.560679,121.0838957,117.6444484,115.3497511,112.2523311,111.719501,112.7053345,110.9281652,108.0201119
Honduras,88.52029727,87.37757256,86.29331246,85.34732468,84.27181185,83.0099204,81.36789285,79.74483499,78.11341755,76.84474594,75.8559948,75.43443984,74.88805615,74.17413468,73.48039726,72.40010088,71.27742821,70.26640326
Hungary,187.2615655,180.8982919,180.8248593,181.6228501,177.6945541,179.2233561,173.9981451,173.0359885,166.2975028,164.5344659,159.05026,153.8491837,149.8298434,142.4407127,138.0699063,142.5749485,131.6824332,126.1236642
Iceland,104.1287633,99.63545114,95.08097497,91.13859255,88.65935316,85.88855875,81.82998302,77.69294546,74.56336206,72.01876575,68.28025516,64.91715078,63.34232451,61.93675523,60.66410597,59.42583665,58.52797175,58.22541354
India,132.8161362,129.8831663,124.7560472,118.7341926,110.7721547,108.5732692,107.6633678,107.1722505,106.9479988,105.8872626,104.7873801,103.9503852,102.8220895,100.4306155,97.21092971,94.86843007,93.90535518,91.57628926
Indonesia,123.306777,124.4476107,125.8302289,126.8086318,127.7109937,128.2614143,128.7104785,129.2119022,128.9096132,128.3389907,127.3661694,126.3180003,124.7863599,123.1484696,121.6190322,120.1778135,118.5037604,116.4797803
Iran,72.87230289,72.21933159,71.48367564,70.58672339,69.53456304,68.51868203,67.70081917,66.1876416,64.81350306,63.75475786,62.65691818,61.40956689,60.51297881,60.37274056,60.9092461,61.28191568,60.47035065,59.50252218
Iraq,145.7802099,133.4329738,130.796471,120.689586,111.7921442,104.0581609,96.90843653,90.12054965,83.66579212,78.13307642,73.19597732,68.77454423,64.77970845,61.67981412,59.05981336,55.79125539,54.39575521,54.05199986
Ireland,165.2846461,153.3393417,145.3489428,136.3093847,130.3660043,122.8636422,118.7607706,113.4342873,110.866024,109.7006924,98.32499273,97.21799535,94.96223502,90.82144043,86.45741728,82.68535344,78.80505692,76.07659241
Israel,88.2616873,83.80502136,81.22525422,78.11092342,74.86330507,73.40909634,70.97949505,69.98609475,66.96283885,63.96461967,62.43840891,61.76748027,60.01878504,58.59426743,56.49213727,56.26501356,53.7884575,52.5020783
Italy,93.78187952,90.52563211,87.41986201,86.38840139,80.19740785,77.61068281,74.62481415,72.14642052,70.15899368,68.24135352,65.46056465,64.70155684,63.34281473,61.14518383,59.18214444,59.49161568,56.52808656,55.23594671
Jamaica,76.00433047,74.63991847,70.62899064,66.98080676,63.4910615,58.40316583,57.11009091,63.766009,68.57508259,73.59491915,67.20514484,64.92179429,66.59192686,72.93859033,74.99198777,73.9660481,76.43934937,74.98659254
Japan,76.60485172,73.98871775,71.33380439,70.64053249,68.62587619,68.50146696,65.9880625,64.52705237,62.89959692,61.48451675,60.69056062,60.04120107,58.11524817,56.60248764,54.887378,53.10519981,52.60643472,52.15777396
Jordan,91.72537127,89.07503156,86.48473198,82.93098321,81.06335829,79.33627755,78.14702514,75.3783547,73.16828987,73.18574647,72.92945872,71.39527764,69.80699192,68.40124266,67.81588371,67.02075756,66.38656455,65.82876443
Kazakhstan,180.9623856,178.5272942,177.5028804,178.7836448,173.9772911,170.5610613,167.4108573,161.5438964,149.6366757,139.250774,139.2727031,137.2825858,133.954187,127.4498029,121.3280041,118.8386844,119.5405151,118.9759132
Kenya,65.95745398,66.28064178,67.08296463,67.40780907,67.69123047,67.29000578,66.66150889,65.58925131,64.39711938,63.25129965,62.14632258,60.66229304,58.97170383,57.01262213,55.26546964,53.71006768,52.11514419,50.34730039
Kiribati,235.6877848,237.7462851,241.6890147,246.2769457,251.6330943,255.6027554,260.7173107,266.6952314,272.6568142,277.7061224,280.2414995,280.5095182,280.0840894,278.7408208,276.8733175,274.0354134,270.4163005,266.1345977
Kuwait,51.71492495,47.41784001,45.80815614,45.70896646,47.61616896,49.85362767,51.25568493,50.40841508,50.44015658,47.19604538,43.26219436,41.24835877,41.79116442,41.54398251,40.84855408,41.23832502,41.78965938,42.30328714
Kyrgyzstan,110.3504224,111.0979121,113.0772011,115.0529452,116.1745807,118.8276261,119.9049051,118.4035044,113.1033638,108.0434028,106.902187,105.2267971,102.8535869,99.94812499,98.23730907,93.99062093,89.78611305,88.87143962
Laos,216.6218473,212.276879,205.3132729,200.450154,195.7738041,191.6644115,187.4947992,182.9255414,178.7195023,174.1664804,169.0916857,163.4025318,159.2926607,155.3569407,151.4054017,147.5707435,144.2099112,141.1888983
Latin America and Caribbean,97.27704566,93.82514229,91.21713388,88.86484939,85.83126904,82.33162084,79.26266037,76.47677621,74.7652689,73.15747752,71.12763077,68.59606551,66.35776219,64.48145986,62.53649826,61.01950812,59.95595681,58.71879003
Latvia,131.4995275,138.1265078,135.6204118,129.8928433,129.0154894,136.4811,143.1476693,138.1966243,125.7054229,119.1152466,117.8432265,113.1042554,111.0503767,110.7343471,108.3401293,105.3763009,105.5539506,105.8184643
Lebanon,118.9879059,117.6066187,116.8724323,116.7104989,117.0854686,116.8133231,116.9447297,116.9099092,116.5833774,115.7237948,114.4023634,113.6769326,112.642442,112.037403,112.1396261,112.5424167,113.0578953,113.5742388
Lesotho,166.732412,171.4005884,178.2239467,183.5120017,188.2299368,190.6438342,191.9909213,191.9103624,192.1981515,188.8818414,185.9455197,182.8089517,180.4013071,177.9486349,174.9849616,170.8845842,163.7404465,156.3510336
Liberia,65.28885112,62.41456064,60.60355377,59.55146572,58.33556959,56.96147553,56.49319134,56.02840438,55.23408064,55.24100059,54.96711286,54.45560568,54.31297375,53.64553182,52.60409717,51.82393859,51.12926448,50.45470127
Libya,66.25321649,66.32692817,65.60939052,64.81801848,64.88243367,64.24090532,62.76288062,62.14203653,63.21673501,66.1820547,66.29771067,64.19812242,62.01531723,63.22609168,63.54568186,62.40538261,62.91852325,62.18566953
Lithuania,133.5298051,138.2173736,133.8588806,131.1111654,129.3074262,134.9329331,136.9709665,139.0325198,128.4036887,115.4521819,114.0223847,110.4856967,107.9506815,107.5963341,102.0642568,102.0078283,102.0467639,101.0045372
Low SDI,125.0991563,123.1008886,120.5377444,117.3230746,112.4516724,110.3867335,109.9145677,110.3019227,109.2618887,106.9850721,105.8056112,104.1144501,102.434939,100.5459328,99.06378429,98.05427841,96.8936917,94.94837984
Low-middle SDI,132.8841591,130.7702575,127.7712034,124.3462738,119.8231499,117.6510862,115.593286,113.6109933,112.4963564,111.55728,110.1679502,108.3954402,106.1955613,103.4463718,100.6591502,98.27253947,96.79052824,94.72221337
Luxembourg,105.7955066,103.0572887,101.4395375,98.6766778,95.64096392,92.06623471,89.07885681,84.28897195,80.42770298,78.89168924,76.86436051,75.09602317,73.79777121,71.71886807,71.12374786,70.16097114,68.77323129,67.78226523
Macedonia,159.7331452,161.4268173,162.3672173,158.3119122,152.6092496,151.5538855,152.9131363,150.8319929,142.6443594,141.9161991,139.2095337,133.559558,130.792866,124.6610877,121.706305,126.3091233,126.9281585,125.8452258
Madagascar,82.07767612,78.89008632,81.50547755,80.28149251,76.94379506,73.40430816,70.42292025,67.50589437,66.11046826,65.06750139,63.93605552,62.63222079,61.16170021,59.74163288,58.35440203,57.04971992,55.66211257,54.29157552
Malawi,100.1133088,96.94877165,93.92534224,90.9886504,88.15701341,84.64433559,81.30343142,77.89671163,74.65130272,71.85173197,69.72426974,67.22059547,64.67932258,62.1965003,59.93899211,58.07612136,56.41867447,54.61345689
Malaysia,136.2339867,131.9712385,128.573301,127.9427657,123.4436107,117.2783333,113.3888453,111.278492,112.9861782,114.3633847,110.3379393,103.12587,100.6318479,98.70272554,101.2726131,100.814569,99.40449756,99.55747769
Maldives,148.7214957,139.5073709,129.6987091,123.4642653,120.4555401,117.6685074,113.6308668,109.0657788,102.4569567,91.35817677,85.53368812,80.43400592,74.1686245,71.36607347,69.07619566,67.49287494,66.20725151,65.14218307
Mali,35.95551629,35.36560274,35.0267825,34.48474153,34.20957457,33.87987015,33.83114546,34.14375928,34.26682209,34.53778525,34.64706758,34.45993144,34.46985791,34.56829326,34.6318637,34.66916848,34.75746865,34.60573664
Malta,105.8228301,103.2866797,99.32870287,95.75959003,92.69929419,90.76763104,87.4912807,85.06855136,81.30617574,77.44129111,75.50653164,72.02001852,70.63531822,68.17049108,66.85517689,66.74168364,68.54612663,69.10718452
Marshall Islands,158.6918354,157.0808207,155.2508786,155.0108163,153.5566815,153.3408043,152.3011823,150.3925536,149.2869274,146.9800555,145.9441728,143.2778522,140.8780104,138.9668463,136.4846073,135.0783012,132.5370131,130.5187038
Mauritania,35.97230705,35.71228864,35.03647881,34.54947719,34.18763688,33.50671203,32.71671562,32.05715364,31.42382319,30.85862348,30.19375562,29.66566061,29.12609379,28.59611839,28.00993417,27.45262963,26.90178183,26.34414353
Mauritius,117.7798101,116.3782419,116.1856409,109.3402647,104.1246373,99.82898505,93.4643358,86.09534884,84.07442563,82.38698834,77.33516176,75.19740682,73.66292821,71.81187183,71.2087667,70.69913063,70.74153876,69.96643467
Mexico,75.01615007,71.94396942,71.21791189,70.22725253,67.18824222,66.453338,63.09987138,60.48468186,61.13766317,60.64264616,58.91501645,56.37583776,54.72387057,53.72582594,52.4681412,50.67896924,49.45716072,47.72622386
Micronesia (country),139.8272459,137.5415362,135.2697146,132.9485667,131.3258224,129.7701025,128.5440847,127.4518605,126.5202012,125.5575867,124.4585296,123.1009948,121.7838641,120.6747397,119.746222,118.6928737,117.4637834,116.2040408
Middle SDI,128.9227412,127.0749105,125.9853962,125.2445163,122.3300106,118.553856,113.9405752,110.8534171,109.500808,108.3369197,107.2652425,104.8661727,102.0633367,98.62253723,97.47840684,97.53996152,96.80429005,95.08054352
Moldova,129.7233308,126.5327433,125.1964003,125.8105716,129.5893904,136.4591444,133.6695999,131.322399,130.7641575,135.4583874,137.2779733,124.4572435,118.6907204,115.2571167,118.1445128,119.6819056,115.2138048,112.2906222
Mongolia,191.6631896,190.272098,189.3788362,185.3495526,180.2182209,178.3360787,172.4303364,166.693041,165.2827458,167.1074567,160.7004574,154.4983126,147.5096219,142.3086275,138.2289684,136.4345682,136.7789264,136.9997837
Montenegro,181.9568315,181.2168878,180.2947555,180.8682934,180.3752834,181.3744228,181.1643469,178.3324804,175.5167933,171.9072258,168.8981381,168.2544299,167.4031509,168.8253751,168.8550332,169.1250737,169.1569432,169.0407861
Morocco,93.15487341,90.44335245,87.0034661,85.52305156,83.41559607,81.91509575,80.70184874,78.64445003,76.44457974,73.93282053,71.79848951,69.83512667,67.25321804,65.47844906,63.79621785,62.16727901,60.61234172,59.05597812
Mozambique,99.30617789,99.52329193,100.7274654,101.5653274,102.7762098,104.1524406,105.414158,107.1996984,107.7294099,107.6153453,107.4686475,106.4180607,105.1006807,103.1038446,100.738279,98.0393983,94.7930782,90.9997098
Myanmar,281.2452231,274.3083859,267.1488317,259.774594,253.9027838,246.0487402,239.4295,231.8894409,224.6556426,217.975373,210.5460924,204.3761638,198.257636,193.0572749,187.8401424,183.6493789,179.462392,175.0551054
Namibia,176.4866773,174.2751672,173.5518844,169.22825,163.0123545,154.4781258,144.0655468,133.7546996,124.8236943,117.1292389,110.5216102,104.2491389,100.4939666,97.44157267,94.94412784,92.89380955,91.05771004,89.26940988
Nepal,148.8087173,144.4137477,141.3188974,138.7482772,137.2424446,136.2546946,136.0017591,136.1012347,135.5717457,135.1315706,134.5679158,135.2642335,134.9369735,133.5037711,131.32569,129.7905963,127.5641126,124.9786114
Netherlands,140.4195156,136.4088972,132.7998212,129.0250473,122.2580052,116.2084361,111.851168,107.212576,105.2291524,101.5711537,99.19517904,96.80067286,95.24732307,92.23735646,88.43557386,88.51188452,88.35782907,87.7176378
New Zealand,93.49242969,90.47256253,88.2354903,85.11140013,81.12575573,76.76149548,74.12245506,72.83166839,70.66759231,67.90957065,64.99682427,63.39826561,61.39607441,58.95697331,57.79471403,55.85585433,54.62155805,53.65833744
Nicaragua,48.3920656,48.22100509,48.17029387,48.02596097,47.03449207,46.61025218,43.80611791,42.87825144,41.95121062,40.42574309,37.95098273,38.03528903,38.04325828,37.51621845,37.75398405,35.52152126,34.23908053,33.37594071
Niger,24.66747711,24.63477652,24.28606492,24.14614821,23.88019613,23.84958494,23.72562429,23.54220161,23.29003164,23.31968852,23.30603734,23.36833441,23.38170976,23.49424646,23.67540811,23.84595161,24.02337577,24.04398606
Nigeria,34.81412298,33.55512711,32.18280816,30.60671284,28.926537,27.26787661,25.85813975,24.48602872,23.16164085,22.14802911,21.38103882,20.653923,20.02971737,19.46645962,19.06592569,18.70963552,18.28044121,17.71823834
North Africa and Middle East,101.8327471,99.82908101,98.08367332,96.2346791,94.01783539,92.85870795,91.8799198,89.7358375,88.32984195,88.24708726,87.01542409,85.57914436,83.87064855,82.29284866,80.98498606,79.68394028,77.92311556,76.43395884
North America,123.2230158,120.2838849,117.4667664,114.0727885,108.9462323,106.7218349,102.8517445,98.84420392,95.82509698,92.28902957,88.14924432,86.15580719,83.5870809,81.21140099,79.28654389,77.47932474,76.48056685,75.05084363
North Korea,120.8374357,121.7590707,122.6622384,122.9033067,122.3316239,122.0592855,121.7771321,121.9189578,122.1527151,122.1687178,122.3998854,122.321662,122.1973938,121.9208435,121.1784821,120.5038773,119.2593442,117.8129974
Northern Ireland,116.200111,106.1178523,103.8431161,97.06205248,92.71753689,87.83696592,86.24207374,83.44916454,79.91420072,76.75623287,76.12143002,72.61753587,70.34400784,68.16558969,66.13009923,66.83556105,65.7068357,64.52364146
Northern Mariana Islands,58.35766898,58.00594394,57.44190377,56.80385927,56.27376499,55.91566128,55.22537361,54.6292398,54.53130884,55.24835944,55.6350367,55.73696614,55.97774207,56.34005143,56.54867358,56.43168211,55.27810908,54.05580726
Norway,103.8013078,101.27587,99.94763722,95.64487038,92.87280479,90.36466924,88.26845352,87.56119647,86.38988695,84.80855355,83.08711309,82.97589088,76.926269,75.22522018,70.02192965,65.37470875,62.28725144,60.00948624
Oceania,224.1492723,223.521395,223.2728614,223.4135217,222.9851901,222.9977248,223.0431663,222.3979253,221.3416167,219.8225429,218.6474882,217.2051537,215.6232689,213.8594063,211.8468499,209.9257918,207.9884488,206.1107332
Oman,76.13968952,75.01166385,73.46032865,71.74791229,70.08819315,68.34923984,67.30196979,66.29839639,65.01016535,63.60274354,64.77140623,66.79440674,64.61768052,59.98690464,57.89028748,56.07191744,51.98989399,51.07297136
Pakistan,171.6096924,170.8533713,170.0394652,169.3368755,168.7688529,168.0308414,165.3082373,162.0745687,159.6223276,156.5374405,153.5236419,150.4332545,147.2768237,144.0305973,140.8214116,136.9756318,133.0217211,128.6634632
Palestine,78.89278187,78.09714204,78.28657544,76.30843678,74.95434581,72.52074853,70.44424231,67.91687425,64.61344315,61.69319923,58.8147295,56.37219248,54.72042753,53.03909486,51.9945969,51.02130748,50.16872197,49.91136595
Panama,56.00212729,54.42891878,53.27942788,52.39523391,50.88865789,50.4938225,49.73224279,47.65856732,47.11421089,46.52470872,45.64250573,44.58621237,44.16884461,43.09632187,42.08509761,40.56247348,39.41335025,38.56573761
Papua New Guinea,264.3773512,264.9426195,265.6370449,266.6294108,267.2574882,267.5894062,267.7782328,266.9540564,265.6966913,264.1538558,262.508182,260.529695,258.1632556,255.6019596,252.7553279,250.0556372,247.4314342,244.8949709
Paraguay,103.1359848,99.26334171,97.36455671,98.50964494,100.8773768,100.4605162,100.8227587,97.26764708,95.90251039,98.47874975,99.48465008,96.95263075,94.69313211,95.19932633,91.56367357,88.98172215,87.76661592,85.88360054
Peru,35.19744189,33.35623722,33.00311678,33.45367119,33.11349769,32.24980106,30.83235932,30.12777755,30.3733314,31.73559742,31.63572939,30.43615243,28.99008551,27.41178498,25.55321971,24.32351155,23.46935644,22.79649502
Philippines,167.7948509,169.602349,170.311894,168.3114432,167.0230268,168.8379461,168.7944848,166.3365005,165.774555,165.0923462,162.3081281,160.0303871,158.2278389,154.8300464,150.9844041,149.3410096,144.9483384,140.1331251
Poland,165.5089144,159.7580028,154.8792998,151.9611861,150.5890393,147.5387055,144.9070387,142.3570636,137.5908718,132.9022261,126.6158416,123.2438011,122.1113967,118.7225651,113.5103587,114.2613675,111.2050036,108.8817663
Portugal,83.14675709,80.62424111,78.58286839,76.33614837,70.92693435,68.89327181,67.48002643,65.6710149,64.03962894,62.85304725,61.45534016,59.69035779,58.08397657,56.52515043,54.39072821,51.62075572,51.2208159,50.88182691
Puerto Rico,41.24968211,41.22131998,38.25818373,37.41999829,37.40614892,37.09220881,35.32440735,34.46197398,33.25510707,32.96581544,30.98192606,31.08511219,29.00355515,28.17378159,26.86630395,25.64667083,25.85042361,25.92508406
Qatar,65.68427848,59.60705715,55.63683549,52.12777865,49.94979351,50.84030737,49.51884975,48.58924774,49.69038122,48.1978982,46.27839888,44.44787335,43.02624062,41.88310981,40.73095586,39.45788641,38.56041866,38.36612414
Romania,146.5114299,149.7391659,152.0772951,150.1314789,144.1241755,141.6082544,137.1499843,133.0904235,134.0948464,133.996403,131.5299022,122.2021755,121.1456183,117.3910295,117.3776558,114.997396,113.7931314,111.9259673
Russia,190.160614,192.1942355,196.631319,198.0553591,192.3434443,197.9641236,178.136058,167.7386621,168.771921,160.5649908,161.4292308,149.104513,143.3606013,139.0294679,139.7313176,135.8757889,131.8626133,130.2112147
Rwanda,151.6814331,141.7283615,132.1899442,123.3102757,115.497652,108.9130629,104.5278714,100.8601985,97.09173084,93.60863479,91.14960637,88.95723151,87.43982547,86.5842537,85.74086936,84.85795904,84.06293526,83.59330312
Saint Lucia,65.400626,63.3719097,64.13904154,65.34166662,65.43813243,64.40221468,62.75042942,59.61951267,56.31645346,55.44059642,55.06883249,54.1953528,53.84483685,53.6874636,53.74343278,54.20815741,54.2472678,54.41995586
Saint Vincent and the Grenadines,57.57341804,55.30402422,54.56345002,53.51010481,52.9191072,51.81664741,50.64984514,49.69263119,49.04700477,48.81427611,48.87486944,49.1560539,50.39047763,51.02421516,51.46518181,51.8005599,51.12981852,50.97440259
Samoa,149.4669397,147.4858253,145.5269498,143.9513337,142.4577665,140.9659772,140.489165,140.5692348,139.5251734,140.503322,140.090797,139.9616609,140.0204051,139.8837682,139.9520127,140.0655419,140.1936101,140.4268724
Sao Tome and Principe,43.1332945,43.04441343,43.15515976,43.04108778,43.04264417,42.81939371,42.62751738,41.70149105,41.33572774,41.61703599,41.83464939,41.811575,42.50097641,41.9770642,41.25660191,41.0606377,41.06648568,40.31985686
Saudi Arabia,32.70008863,32.48614523,33.35191153,34.21770762,34.9218047,36.42604734,37.67311648,39.07238611,40.62594421,41.73764107,42.39186692,42.06825652,41.06480853,39.7595258,38.30429754,36.9959834,35.76072043,34.81449363
Scotland,170.104109,164.4665061,160.5578718,153.8917248,145.383162,138.7077277,137.591019,133.6373324,130.385571,123.9779111,120.7555702,117.554682,113.8166511,112.1185015,107.3022465,107.845634,107.428861,104.6753696
Senegal,52.10122644,50.07782832,47.9663918,45.90637231,44.26453394,42.60572661,41.17835204,39.60284829,38.12997909,37.03684864,36.4496358,36.14119582,35.78483097,35.49571649,35.22983661,34.87698712,34.36614263,33.89544366
Serbia,174.0682989,168.5191759,167.5518807,167.524163,165.6944892,166.6616658,163.8865765,160.7037332,163.1692573,164.595135,162.082514,162.4268859,161.7802036,158.3728789,159.1753958,160.6592695,155.0655548,152.9469705
Seychelles,104.3761423,101.5848173,100.3396282,99.45515924,98.10203719,97.69766741,96.16895689,94.52711193,94.15510439,94.17805564,93.06237613,91.75611804,90.80333459,88.75411108,87.55452168,87.31302461,86.12261052,85.07882193
Sierra Leone,97.65719749,97.21526453,96.86120172,95.63667283,93.9263608,92.47495691,90.99313125,89.58787917,87.58357335,86.15603233,84.94277195,82.84317087,80.93876367,78.15586525,75.77513076,74.04206622,72.3056404,70.66273869
Singapore,75.28712146,72.29955549,69.30412339,63.65243275,60.49304418,59.4373336,55.68494619,53.91240369,52.25312181,48.42788825,46.28870934,45.0201755,42.99407378,41.53089463,39.57306855,37.78917238,36.33074289,35.63097321
Slovakia,158.081547,153.3075911,148.9524104,145.2615209,139.0759318,139.3092499,134.6129325,131.5989787,125.6048049,119.233993,113.0392343,108.6783252,104.1242197,99.83738725,96.95674278,97.40344123,92.29455245,90.19926022
Slovenia,116.0722199,113.8544876,109.5291951,109.2422411,102.4480057,95.20105119,93.03996126,89.56962999,86.24405294,82.40569391,79.65963444,76.69143981,76.25056169,74.11290452,69.35437473,70.92555004,69.28011873,69.14600069
Solomon Islands,191.7545458,189.6071521,187.5089033,185.2875676,183.2687992,181.5028459,180.2249615,178.6661815,176.948823,175.6052493,174.1994334,172.5150852,171.1496653,170.1452642,169.483431,169.063979,168.7729837,168.7374538
Somalia,107.893814,106.3567596,105.0837363,103.6252286,101.9725659,100.1633201,98.69169199,97.18064293,95.65654668,93.95713225,92.38505376,90.8121969,89.18172197,87.31510052,85.50328656,83.86058091,82.07596764,80.40854087
South Africa,164.5760588,155.6214303,152.1260582,149.3323201,144.484689,140.6833534,137.8545278,130.9260661,123.874407,116.5905243,108.2357494,99.96890751,93.01886837,86.80099464,82.27538767,79.23498519,76.05293783,69.72214681
South Asia,135.1560458,132.2622641,127.6506378,122.4091458,115.5853813,113.6013726,112.5650992,111.8641236,111.1996092,109.7860716,108.4947438,106.9941532,105.2567733,102.7629759,99.85869145,97.39602596,96.12455454,93.90210984
South Korea,113.6489154,109.0101672,105.7288185,102.5141332,99.24651736,94.867928,90.3962264,86.14607475,82.13724616,78.49959261,76.00141113,73.5536742,70.97880699,67.29650826,63.87408733,61.54228538,59.08008509,57.67559427
South Sudan,77.23854295,75.67737779,75.04385381,75.28252567,75.46143675,74.98219345,75.31806225,75.11634718,74.52667003,73.68710182,72.76303154,71.81857535,71.16465821,70.6255461,69.9937715,69.73710199,69.13173296,68.30875543
Southeast Asia,138.1091594,136.6323467,135.7129503,134.3568448,133.0816564,131.7840879,130.2653149,128.5196984,126.8801524,124.7942155,122.5740379,120.2598091,117.7949837,115.1634492,113.1439823,111.2451717,109.1637119,106.8417922
"Southeast Asia, East Asia, and Oceania",156.6392938,154.8016033,153.83471,153.5438569,150.4136256,144.3955601,137.3227784,133.105357,130.9608249,129.7743776,128.8587739,126.7993193,124.0905594,120.0396833,119.6347039,120.3662615,119.6348721,117.3638339
Southern Latin America,113.0357784,112.6710026,113.2406639,113.421951,109.5335592,106.6339594,104.6105121,105.7218859,100.5937018,99.21276808,96.98969941,95.07540189,92.92574475,90.59101034,86.74734454,84.81164115,83.271151,81.21319148
Southern Sub-Saharan Africa,164.5362166,158.6264609,157.3939158,155.6182934,152.2487582,149.2765052,146.580302,140.3853693,134.2999422,127.6100436,119.7782352,111.609581,104.5652702,98.23097468,93.37876534,89.94383834,86.31479354,80.16507126
Spain,99.75458282,97.19440175,95.47029641,94.65538948,90.68745956,88.89609853,84.95720672,83.32264275,80.36387135,76.87674503,74.21598369,72.72784711,71.43324405,68.80069991,67.68509342,68.40409437,66.14888553,65.14343429
Sri Lanka,105.8264848,97.90999783,91.47562602,89.96558391,86.29630022,83.5925416,81.63682403,80.42970278,79.24564004,72.25482177,69.43638213,69.51093999,67.19337698,63.23943532,61.92754988,59.05337047,56.70791349,54.60952927
Sub-Saharan Africa,78.89322604,76.71009759,75.20044414,73.75900649,71.95170415,70.07568282,68.57260598,66.50774902,64.49366693,62.52382848,60.50730637,58.4830307,56.6890495,54.8977401,53.32080916,51.99712867,50.62663955,48.8768082
Sudan,22.20279953,21.7998808,21.4195475,21.03153155,20.6612502,20.31438352,19.88936841,19.4558384,19.06911403,18.67558104,18.30294577,17.89428917,17.51353096,17.1531779,16.79135046,16.46514053,16.13221079,15.85311236
Suriname,94.97519284,94.7035451,95.71363793,95.08075189,94.41552331,93.60888326,91.00159412,88.15642827,85.74088248,83.25360962,83.17181473,81.74993444,80.38841852,81.09049195,82.62469353,84.73884637,84.44457172,82.81229445
Swaziland,148.1983658,153.0978321,157.3092892,159.0626972,159.3319059,158.5886354,154.7848058,151.3147492,149.0003075,146.3725221,142.3119813,136.9153189,132.5565107,127.5397192,120.8335012,113.3701155,106.6054583,100.2284075
Sweden,89.75458207,88.76468159,86.99263527,84.86976224,84.67997092,81.28061118,79.67728335,78.05258404,75.94646682,73.83050005,70.29943493,69.04593882,66.5692756,64.88351897,62.89076396,61.00753661,59.12717727,58.05134838
Switzerland,86.24126285,82.68130139,81.08270411,79.92443148,76.46005631,74.44562243,72.67480322,71.06098824,68.67639805,68.12522552,65.90996622,63.45973654,62.5073372,61.32729228,58.68727759,57.15203352,54.65955783,53.12136525
Syria,124.2290629,118.5886993,115.6879092,109.1864144,105.5032123,101.2952622,97.13128545,96.23201655,96.92330795,94.54465806,91.77612297,89.62876625,87.77206665,86.5664441,85.39008382,83.92138913,82.66003371,81.06232443
Taiwan,91.09431911,90.10306986,87.4820599,86.66797463,87.49476489,87.73830187,84.99724989,83.29166868,82.79794518,80.0331744,78.67326194,80.73558186,77.97905449,75.47925497,75.37671705,72.82123149,72.87048628,71.61987392
Tajikistan,111.1977695,107.2592219,105.532271,102.9819548,101.9124688,103.31047,102.6063738,101.8295313,99.52139223,96.8444714,94.63418341,92.95596446,89.94636705,86.93271621,85.87548443,86.85370387,86.17270218,85.27113038
Tanzania,83.8214773,82.26451641,81.03289181,80.07099455,79.15873415,78.08492587,77.28160653,76.45077247,75.25991588,73.91117469,72.7209742,71.79577661,71.67575235,71.44797148,70.86372901,70.37275358,69.96770337,69.51563527
Thailand,103.5475551,97.06490207,94.8879241,91.20174071,88.65760577,86.36524657,83.24714121,80.21812643,77.13446842,73.42854235,72.29567756,69.90326639,66.66056766,63.37743165,61.73532201,60.05262176,59.65180631,58.4009586
Timor,125.0148652,123.2380893,122.3441268,122.1655846,121.0786607,119.0910447,116.5951085,114.6731381,112.6684993,111.3856415,110.5643395,109.8084981,109.4532227,109.902944,110.4506739,109.9765753,109.2126677,108.9246043
Togo,63.73025633,63.03708034,61.78423419,61.58866085,59.83782134,58.8250069,57.72930278,56.62355234,56.07870667,54.86478822,53.98504533,52.65441682,51.21919429,49.61651139,48.14919579,46.81185469,45.4157264,44.11068662
Tonga,126.8751757,125.7274336,124.2787335,123.1721403,121.9050591,120.0286831,119.2333462,118.4110167,117.0899299,117.3528931,115.2361081,113.7489988,112.4179078,111.1933018,109.8775465,108.4358102,106.8752913,105.4222792
Trinidad and Tobago,87.06803439,84.35283117,79.84117779,79.43732832,76.78918124,73.54771325,68.53470061,66.58909674,68.00068761,63.98416841,61.42549492,57.62858121,56.48129005,56.86707687,56.57497918,56.08042371,56.43344504,55.97311224
Tropical Latin America,134.1330923,129.2834559,124.7144535,121.24737,116.9106968,110.2820542,106.0358244,102.090735,98.44089122,95.40887416,92.80636747,90.02496385,86.29973136,83.23246652,79.80491586,77.53530691,76.37427244,75.08169942
Tunisia,121.6177527,118.1468034,114.9262446,110.9691444,108.1109384,106.0444687,104.0347007,102.223846,100.5935255,99.2032321,97.98193259,97.21665333,96.60350007,96.14940848,95.7140814,95.25700557,94.77144711,94.17382122
Turkey,132.1973101,126.2332531,121.035327,117.6481673,113.948461,114.4016114,113.6589569,111.007856,108.8353391,111.2526449,110.2352734,107.9236216,105.4506491,103.4277308,101.0108886,96.98318648,92.5318681,89.08162151
Turkmenistan,121.3799357,117.5154946,119.5947132,124.5876258,129.0493705,132.3086444,129.5823657,125.1316626,115.3119763,103.1008698,95.75560646,92.92224605,92.66674477,95.38164282,97.91789745,98.70045804,97.89342225,98.13742939
Uganda,62.81994304,63.66744594,63.589308,62.89649203,62.02050119,60.7741299,59.41885723,58.01884574,56.37444854,54.95661129,53.35418278,51.78057278,50.56688087,49.51326185,48.25886167,46.56148578,45.02771495,43.84270944
Ukraine,189.8563969,183.8033214,184.1470319,180.1429189,181.5170249,180.6833661,169.3608238,172.6043933,171.0971876,150.2546032,143.5040047,137.9719643,138.2731239,137.6387833,132.4117439,166.3105342,162.636706,153.5581795
United Arab Emirates,69.13047556,67.82596982,63.87572751,64.43390241,63.83903211,61.23248886,61.84389953,61.91510979,61.48292578,61.77337013,62.84561261,63.74910787,64.50937488,64.96937597,65.3026421,65.56372961,65.71311022,65.70075169
United Kingdom,121.9200909,116.2027912,112.8732375,108.8228364,101.6785559,96.92166519,93.969577,89.64813196,86.95244443,82.54362501,79.62947442,76.48018177,74.26051306,73.59229606,71.39804077,71.28992583,70.67825694,69.49560898
United States,124.1610602,121.3757933,118.6186742,115.1746904,109.9112757,107.7484697,103.939977,99.71206477,96.66219695,93.15480976,88.99973778,87.17605792,84.41760137,82.08079041,79.89904813,77.93552764,77.06030013,75.60550275
United States Virgin Islands,45.46780612,45.25820963,44.58499142,43.98684153,43.59770398,43.06339954,43.18311872,43.38641537,43.82622588,44.08010243,44.32923121,43.79053244,44.08036775,44.29162087,44.58392892,45.24891894,44.4566975,44.44692968
Uruguay,124.5726712,120.9055079,121.7201043,121.38518,119.8027803,116.8627686,112.0588829,115.9000737,108.99846,105.7506811,104.5771219,103.6322563,101.7188518,98.44432153,94.1005102,92.64686864,90.73073496,89.16342953
Uzbekistan,82.96449685,86.34406385,90.79180291,95.69674745,101.0270779,105.0270965,102.8328009,102.2467451,101.8825894,100.1356368,99.98248292,100.8112833,101.7210933,102.0686739,102.5391235,101.9823146,100.4133723,99.12904106
Vanuatu,170.907493,169.5746496,168.6610804,167.4227748,166.272371,165.0876256,163.4339429,162.0193209,160.3359246,158.741249,156.8654541,155.1227789,153.6797319,152.105734,150.6316857,149.3224024,147.7016191,145.9839397
Venezuela,86.39816998,83.72507595,79.95197111,79.56820716,73.11246052,69.70567337,68.81532615,68.09316377,67.87003009,65.90795567,62.7973166,61.9355947,61.69826824,60.65262909,61.64650563,61.51675676,59.22656487,59.09733539
Vietnam,113.5431389,114.2857719,114.4224715,114.3172784,114.0514576,113.2862045,112.453012,111.5775136,110.660414,109.6742613,108.3139407,107.1327662,105.9393402,104.8510382,103.6799201,102.2311702,100.8700389,99.31713746
Wales,138.8093932,132.3742124,128.428362,124.2283303,117.5651958,112.6282903,108.9897528,105.7687466,102.9308766,98.58814701,94.65218291,91.20528025,88.82855216,87.31885143,83.57644809,83.10796723,81.77762533,79.87356728
Western Europe,104.297253,100.4496488,97.72026965,95.2529946,89.79449739,86.90947294,83.94388552,81.72953757,79.76573722,77.79974866,75.47910363,73.84557705,72.26733959,70.79086376,68.49018483,68.46335602,67.20194546,66.12163526
Western Sub-Saharan Africa,45.48942889,44.53271883,43.47967405,42.34330728,41.1771165,40.02892162,39.07858645,38.07403093,36.99265996,36.18427371,35.51028654,34.79176351,34.13545079,33.44456059,32.83745184,32.2190629,31.53439168,30.73839732
World,128.4581265,125.8969635,123.9517299,121.9649655,117.8908606,114.8943538,110.4082252,107.474286,105.590466,103.4519681,101.7902934,99.66261075,97.52906684,94.91075952,93.45195537,93.13810052,91.98067011,90.11410508
Yemen,124.5278009,122.3061597,120.3027075,118.2943601,116.5056396,114.613168,112.7839655,111.0191786,109.4755349,108.2675456,106.8317065,105.6863056,104.624688,103.6468912,102.934669,102.9781561,102.9555002,103.0833773
Zambia,132.405227,128.1426758,123.5830977,119.5308075,114.5071388,109.89571,106.4083796,102.7646367,100.6566822,97.69672176,96.10945932,93.42862681,90.36373863,87.3729802,84.50429497,81.94807004,79.43444161,76.9770639
Zimbabwe,174.0016171,181.1991468,191.5282141,195.3943584,200.4997569,203.6307376,203.8231425,202.7690634,202.1112521,198.7327196,192.6983141,182.9773128,173.1380978,164.0919006,156.1680629,150.0642241,144.0946461,138.5222673
